username,comment,date
f*****9,"Quality:extraordinary

First try sudah memang bagus bunyi dia. Bass dia pun best la. Excited sangat dah ni nak guna time kerja. Tak lah bosan sangat kat ofis kn. Boleh try beli la",2023-11-24 08:35:05
d*****n,"Performance:long lasting battery,
Quality:nice

Delivery within a week, so ok la kan..sangat senang nak connect, bateri tahan lama, dia tak la sensitif sgt so , pusing atas katil kiri kanan ke, kena anak tudung ke takpe sebb x cepat disconnected, melekat kat telinga pun nice je, bass and sound dia surprisingly very good utk harga less than rm10...cuma packaging je risau takde kotaküòÇ",2024-01-09 11:48:24
hafizaiman123,"Performance:nice wajib beli
Quality:quality nice. x ringan mcm yg harga kat tt shop tu. yg ni nmpk la quality tu pegang pun dah tahu

Kalau nk beli untuk buat kerja sambil layan lagu baik beli yg ni. Bass dia pun ok. Bateri tahan lama",2023-12-17 14:22:32
andy_dino,"Performance:Not bad at all.
Quality:Quite Good, I'm impressed.

Quite good for a really low price Bluetooth earphones.
Once you set the Equilizer for your music player, it can sound good. Very worth it for being such a low price.",2023-11-18 17:20:39
cahyafadzilah,"Performance:Sound very good
Quality:Good and high quality material

High quality with affordable price i got only RM7.++ so cheap and the quality is the best. Gud job Redmi!!!!!",2023-09-20 20:31:52
syazli,"Quality:very good for the price

Sounds good. Wouldn't expect it for the price. Money well spent. Postage from china took around a week or so. Only thing is this one doesn't come with a box so it's cheaper.",2024-02-01 19:37:33
v*****g,"Quality:TERBAIKKKKK
Performance:BUNYI BASS KUAT

TERBAIK .. memang sound dia kuat . bass dia pun okay ‚Ä¶ hargaaa pun murah gilaa . sesuai laaaa harga ‚Ä¶ boleh cuba cuba beli",2023-07-06 14:46:16
selva14,"Performance:decent
Quality:good

Not bad for the prize. Infact it sounds good i just received it so hope the battery life is good. Thank you seller",2024-02-24 16:46:09
lokmanhakim595,"Performance:no bass yoo, just normal sound
Quality:good

Item soo soo.
But its ok. 
I like it.
The price is good. 
Very recomended to buy yoo.
Must buy.
I hope it have bass.
Must improve the sound more yoo.
Dont know the bbatery is full or nil, coz it dont have screen to tell.",2023-04-02 11:35:38
saifulnizam941,"Quality:tip top
Performance:sound dia sedap gila

Penghantaran pantas, berkualiti, ambil masa tak smpai seminggu, boleh beli, murah, mantap, harap tahan lama, terima kasih, kalau rosak nak repeat lagi, okay bye",2024-03-04 02:24:32
m*****3,"Quality:nice
Performance:good

So far so good,well function too. For this price i didnt expect much anything from this but it does turn out that this product was pretty good actually.The sound was nice. Easy to use too.",2024-03-10 08:27:37
s*****5,"Performance:very good
Quality:good

Barang dah selamat sampai semalam dahh try guna malam tadi ok semua tak ada apa¬≤ masalah,bateri pun macam tahan lama bunyi pun kira sedap la juga harga murah,harap¬≤ bertahan lama earpod ni",2024-02-03 10:05:21
hyuna124,"Performance:Good
Quality:Ok

Earbuds no problem on both sides.. Medium bass sound.. So far so good.. can accepted and according to price. If you want to buy quality goods, you have to buy expensive ones.. Seller needs to wrap it with carefully.. The airpod Luckily not damaged.. Btw tq seller n courier..",2024-02-15 22:05:31
n*****6,"Performance:GOODDDDDDDDDD
Quality:Nice !!!

I use it almost A month now its still functioning nicely. But dont let it fall down from your ears when youre standing. It will broke But if you take it slowly and not let the wires broke,you can fix it back, But if not, then its broke and you need to buy the new one. So just be careful while use it. Mine is So far So good.",2024-02-20 14:38:55
daieyunkdayangsuhana,"Performance:terbaik
Quality:terbaik

walaupun harga dia RM7 , tp fungsi dia terbaik, main tap2 ja kat earphone tu utk pick up call utk slow down the volume, utk kuatkan semula ... and both earphone ada function dia, cth klu tgok utube,u can easily change the vedio by tapping the earphone . takde manual, semua kena try and error sendiri. nak connect ke fon guna bluetooth ja.",2024-01-24 11:31:17
coffindoll,"Quality:good
Performance:work well

So far puas hati ng earbud nie.. Dri start smpi smpi la nie dh 3 hri x charge lgi. Hehehe... Bunyi pown okey. So far puas hati lah...",2024-03-07 12:42:15
a*****y,"Quality:10/10
Performance:9/10

Cantik dan fast delivery. Tapi tu la haha pakai kena duk elok elok. Kalo ko tengah baring then tibe tibe ko duk mengiring hmmm auto power off ü§£ü§£ü§£üò≠üò≠üò≠ sensitive mat sensor dia üë∫üë∫üë∫ Tapi okay la sound baguss",2023-08-04 01:05:34
syeffiq,"Quality:Cantik
Performance:bunyi pun sgt okay

Bass padu 
Lantang dan sangat baik
Bateri pun okay dan jimat tidak cepat habis 
Boleh beli dan berbaloi sangat 
Warna dan jenama sama seperti dalam gambar",2023-10-03 15:44:18
ec3lkz7ftz,"Quality:tip-top
Performance:sangat2 bagus

Dah seminggu guna earphone ni , Harini baru sempat nk bgi feedback . Tapi so far sangat oke , tak menyesal beli üëçüèª sound clear , bkn jenis earphone yg bunyi slow even volume tinggi . Puas hati sangat2,bateri pon tahan lama setakat ni bru charge 2kali , itu pon guna 4hari tggal 50% je üòÉ . Review honest dri saya tq seller ‚ô•Ô∏è‚ô•Ô∏è",2023-11-11 20:33:51
k*****t,"Quality:ok
Performance:boleh la pakai

Item sampai dgn jayanya
Tanpa ada masalah dari segi penghantaran
Dibungkus dgn baik juga
Tiada kerosakkan fizikal didapati
Harga berpatutan
Ketahanan penggunaan lebih kurang 4jam utk mendengar muzik",2023-09-02 20:41:19
m*****3,"Quality:nice
Performance:good

So far so good,well function too. For this price i didnt expect much anything from this but it does turn out that this product was pretty good actually.The sound was nice. Easy to use too.",2024-03-10 08:27:37
s*****5,"Performance:very good
Quality:good

Barang dah selamat sampai semalam dahh try guna malam tadi ok semua tak ada apa¬≤ masalah,bateri pun macam tahan lama bunyi pun kira sedap la juga harga murah,harap¬≤ bertahan lama earpod ni",2024-02-03 10:05:21
hyuna124,"Performance:Good
Quality:Ok

Earbuds no problem on both sides.. Medium bass sound.. So far so good.. can accepted and according to price. If you want to buy quality goods, you have to buy expensive ones.. Seller needs to wrap it with carefully.. The airpod Luckily not damaged.. Btw tq seller n courier..",2024-02-15 22:05:31
n*****6,"Performance:GOODDDDDDDDDD
Quality:Nice !!!

I use it almost A month now its still functioning nicely. But dont let it fall down from your ears when youre standing. It will broke But if you take it slowly and not let the wires broke,you can fix it back, But if not, then its broke and you need to buy the new one. So just be careful while use it. Mine is So far So good.",2024-02-20 14:38:55
daieyunkdayangsuhana,"Performance:terbaik
Quality:terbaik

walaupun harga dia RM7 , tp fungsi dia terbaik, main tap2 ja kat earphone tu utk pick up call utk slow down the volume, utk kuatkan semula ... and both earphone ada function dia, cth klu tgok utube,u can easily change the vedio by tapping the earphone . takde manual, semua kena try and error sendiri. nak connect ke fon guna bluetooth ja.",2024-01-24 11:31:17
coffindoll,"Quality:good
Performance:work well

So far puas hati ng earbud nie.. Dri start smpi smpi la nie dh 3 hri x charge lgi. Hehehe... Bunyi pown okey. So far puas hati lah...",2024-03-07 12:42:15
a*****y,"Quality:10/10
Performance:9/10

Cantik dan fast delivery. Tapi tu la haha pakai kena duk elok elok. Kalo ko tengah baring then tibe tibe ko duk mengiring hmmm auto power off ü§£ü§£ü§£üò≠üò≠üò≠ sensitive mat sensor dia üë∫üë∫üë∫ Tapi okay la sound baguss",2023-08-04 01:05:34
syeffiq,"Quality:Cantik
Performance:bunyi pun sgt okay

Bass padu 
Lantang dan sangat baik
Bateri pun okay dan jimat tidak cepat habis 
Boleh beli dan berbaloi sangat 
Warna dan jenama sama seperti dalam gambar",2023-10-03 15:44:18
ec3lkz7ftz,"Quality:tip-top
Performance:sangat2 bagus

Dah seminggu guna earphone ni , Harini baru sempat nk bgi feedback . Tapi so far sangat oke , tak menyesal beli üëçüèª sound clear , bkn jenis earphone yg bunyi slow even volume tinggi . Puas hati sangat2,bateri pon tahan lama setakat ni bru charge 2kali , itu pon guna 4hari tggal 50% je üòÉ . Review honest dri saya tq seller ‚ô•Ô∏è‚ô•Ô∏è",2023-11-11 20:33:51
k*****t,"Quality:ok
Performance:boleh la pakai

Item sampai dgn jayanya
Tanpa ada masalah dari segi penghantaran
Dibungkus dgn baik juga
Tiada kerosakkan fizikal didapati
Harga berpatutan
Ketahanan penggunaan lebih kurang 4jam utk mendengar muzik",2023-09-02 20:41:19
fabdmanan,"Performance:Good
Quality:Good

Satisfied. Good buy for the price paid.
Will repeat order for spare use.
Thank you seller.
Thank you shopee. Thank you delivery boy.
God Bless!",2023-11-24 21:47:03
r*****1,"Performance:Touching sensitivity and pairing is quite okay
Quality:Sound is normal with not much of bass.

I've bought this together with Lenovo LP40 pro from the same seller but the touching sensitivity of this Redmi airpods is slightly better. The pricing for this item is also way lower too (got it for RM8 plus only), hope it last.",2024-03-09 15:18:17
esthergina83,"Performance:Excellent
Quality:Good

First try already love it!best earbuds i've had at this moment,,the sound perfectoüòçjust took less than 1week to Sabah‚ò∫Ô∏èthe price is also cheapü´∞go order guys,you will not regret it,,highly recommended",2024-01-26 15:05:12
h*****1,"Quality:Good
Performance:Great

I have received my order today. Thank you seller. It doesn't take long to receive though it's from overseas. I like the base sound and everything is fine. The sound is clear and really worth it  for the price I paid. Thanks again.",2023-09-13 17:03:51
jncl007,"Performance:Good
Quality:Good

Super fast delivery. Price is a true bargain!!! Quality is good and as far as the sound is concerned, it‚Äôs good. Highly recommended üëèüèªüëèüèª",2023-12-16 13:05:37
aje_hur,"Performance:Sangat baik
Quality:Kualiti baik, sesuai dengan harganya

Walaupun harga murah tapi berfungsi dengan baik. Call pun org boleh dgr suara kita dgn baik. Berbaloi harap tahan lama la.",2024-03-03 12:04:03
mohdaz03,"Performance:terbaik
Quality:berkualiti

Barang sampai dgn selamat dan dibungkus dengan plastik
Tiada kerosakkan pada barang yang telah diterima
Barang dibungkus dengan kemas dan berkotak
Terima Kasih seller
Boleh beli lagi sekali dengan seller",2023-07-07 23:15:50
shy_person,"Quality:sangat sangat sangat Memuaskan

Aku dah lama cari earphone ni bunyi dia fuhhhh bersih bass kuat
Insyaallah nnti beli balik kat sni aku rasa nak beli 10 dah kalau cam ni HAHAHAH apa pun thanks you seller sangat sangat suka
Semoga berkah bisnes mu‚ù§Ô∏è‚ù§Ô∏è‚ù§Ô∏è‚ù§Ô∏è",2024-03-11 12:43:47
boynoharawata87,"Quality:qualiti dia biasa Seja tapi oklah dgn harga.
Performance:performance dia baik jugalah

Selama pakai sehari charge cepat abis tapi ok lah still boleh guna. Kalau boleh barang tu jual biarlah ikhlas jangan cincai2 Seja mentang2 barang murah.. Maaf Sya DPT bagi 3 star seja",2023-12-15 20:14:48
lorengrace,Barang sampai dalam keadaan baik semuanya bagus.. sound nye okla nak kata bass kuat blh je.. asal ada suara.. beli utk anak.. anak suka.. üëç,2023-10-19 12:35:55
fabdmanan,"Performance:Good
Quality:Good

Satisfied. Good buy for the price paid.
Will repeat order for spare use.
Thank you seller.
Thank you shopee. Thank you delivery boy.
God Bless!",2023-11-24 21:47:03
r*****1,"Performance:Touching sensitivity and pairing is quite okay
Quality:Sound is normal with not much of bass.

I've bought this together with Lenovo LP40 pro from the same seller but the touching sensitivity of this Redmi airpods is slightly better. The pricing for this item is also way lower too (got it for RM8 plus only), hope it last.",2024-03-09 15:18:17
esthergina83,"Performance:Excellent
Quality:Good

First try already love it!best earbuds i've had at this moment,,the sound perfectoüòçjust took less than 1week to Sabah‚ò∫Ô∏èthe price is also cheapü´∞go order guys,you will not regret it,,highly recommended",2024-01-26 15:05:12
h*****1,"Quality:Good
Performance:Great

I have received my order today. Thank you seller. It doesn't take long to receive though it's from overseas. I like the base sound and everything is fine. The sound is clear and really worth it  for the price I paid. Thanks again.",2023-09-13 17:03:51
jncl007,"Performance:Good
Quality:Good

Super fast delivery. Price is a true bargain!!! Quality is good and as far as the sound is concerned, it‚Äôs good. Highly recommended üëèüèªüëèüèª",2023-12-16 13:05:37
aje_hur,"Performance:Sangat baik
Quality:Kualiti baik, sesuai dengan harganya

Walaupun harga murah tapi berfungsi dengan baik. Call pun org boleh dgr suara kita dgn baik. Berbaloi harap tahan lama la.",2024-03-03 12:04:03
mohdaz03,"Performance:terbaik
Quality:berkualiti

Barang sampai dgn selamat dan dibungkus dengan plastik
Tiada kerosakkan pada barang yang telah diterima
Barang dibungkus dengan kemas dan berkotak
Terima Kasih seller
Boleh beli lagi sekali dengan seller",2023-07-07 23:15:50
shy_person,"Quality:sangat sangat sangat Memuaskan

Aku dah lama cari earphone ni bunyi dia fuhhhh bersih bass kuat
Insyaallah nnti beli balik kat sni aku rasa nak beli 10 dah kalau cam ni HAHAHAH apa pun thanks you seller sangat sangat suka
Semoga berkah bisnes mu‚ù§Ô∏è‚ù§Ô∏è‚ù§Ô∏è‚ù§Ô∏è",2024-03-11 12:43:47
boynoharawata87,"Quality:qualiti dia biasa Seja tapi oklah dgn harga.
Performance:performance dia baik jugalah

Selama pakai sehari charge cepat abis tapi ok lah still boleh guna. Kalau boleh barang tu jual biarlah ikhlas jangan cincai2 Seja mentang2 barang murah.. Maaf Sya DPT bagi 3 star seja",2023-12-15 20:14:48
lorengrace,Barang sampai dalam keadaan baik semuanya bagus.. sound nye okla nak kata bass kuat blh je.. asal ada suara.. beli utk anak.. anak suka.. üëç,2023-10-19 12:35:55
wu7h9yijvl,"Quality:average

Weight is lighter than original AirPods.
Sound quality is what you paid for. 
Easy to connect. So far so okay since it‚Äôs cheap (RM9)",2024-02-07 17:16:44
a*****n,"Performance:padu..bass pon ok laa..
Quality:terbaik

Qualiti padan dgn harga..boleh laa buat dgr lagu..main game pon sedap",2024-01-08 09:24:39
e220ixnd8k,"Performance:Good
Quality:Good

Good product quality very nice and simple packaging thanks",2024-02-25 09:19:03
qvx224xti3,"Performance:good kualiti
Quality:barang bagus

Barang sudah selamat sampai di depan rumah. barang bagus kualiti oke.penghantaran yang cepat sangat berpuas hati terima Kasih seller",2024-02-26 21:58:32
01vtgpp4ln,"Quality:good
Performance:very good

Good quality sound and material. The size is just nice not bulky.",2023-10-16 12:27:24
asqfdsc_wl,"Quality:Good
Performance:Nice

Very great for the price + great performence.",2023-04-15 16:05:24
fathurpaz3li,"Performance:Quality sound okay dan memuaskan

Semuanya okay, ingatkan lambat lagi sampai, sebab kalau ikutkan 24hb, tapi 17hb dah sampai, kira cepat juga lah dari China. Dan amat memuaskan dan berpuas hati je lah",2023-05-17 13:10:44
sohelrana73391,"Performance:good
Quality:white no my choice.....my favourite black

I ame order black.... resive to white",2023-03-23 13:48:51
a*****6,"Quality:good
Performance:stereo sound

Received in good condition. Fast delivery. It to small for me. The sound of music just doesn‚Äôt get better. Left and right are functional.",2023-12-22 07:03:52
tigernoty,"Performance:wow
Quality:best

sound best ! harga pun murah tahan lama ni ! i‚Äôll repeat!",2024-03-05 18:56:13
wu7h9yijvl,"Quality:average

Weight is lighter than original AirPods.
Sound quality is what you paid for. 
Easy to connect. So far so okay since it‚Äôs cheap (RM9)",2024-02-07 17:16:44
a*****n,"Performance:padu..bass pon ok laa..
Quality:terbaik

Qualiti padan dgn harga..boleh laa buat dgr lagu..main game pon sedap",2024-01-08 09:24:39
e220ixnd8k,"Performance:Good
Quality:Good

Good product quality very nice and simple packaging thanks",2024-02-25 09:19:03
qvx224xti3,"Performance:good kualiti
Quality:barang bagus

Barang sudah selamat sampai di depan rumah. barang bagus kualiti oke.penghantaran yang cepat sangat berpuas hati terima Kasih seller",2024-02-26 21:58:32
01vtgpp4ln,"Quality:good
Performance:very good

Good quality sound and material. The size is just nice not bulky.",2023-10-16 12:27:24
asqfdsc_wl,"Quality:Good
Performance:Nice

Very great for the price + great performence.",2023-04-15 16:05:24
fathurpaz3li,"Performance:Quality sound okay dan memuaskan

Semuanya okay, ingatkan lambat lagi sampai, sebab kalau ikutkan 24hb, tapi 17hb dah sampai, kira cepat juga lah dari China. Dan amat memuaskan dan berpuas hati je lah",2023-05-17 13:10:44
sohelrana73391,"Performance:good
Quality:white no my choice.....my favourite black

I ame order black.... resive to white",2023-03-23 13:48:51
a*****6,"Quality:good
Performance:stereo sound

Received in good condition. Fast delivery. It to small for me. The sound of music just doesn‚Äôt get better. Left and right are functional.",2023-12-22 07:03:52
tigernoty,"Performance:wow
Quality:best

sound best ! harga pun murah tahan lama ni ! i‚Äôll repeat!",2024-03-05 18:56:13
nuraeynana,"Performance:sound dia pn best je bunyi..
Quality:best pkai,cntik kecik molek jew..",2023-12-21 17:51:22
smallqueitscenery,"Performance:normal
Quality:normal

Fast delivery
Is a bit dirty when I take out from the box.
Can function fine.
No burble wrap for extra protection so the box is not so good which can't be given out as a gift.",2023-10-28 21:43:43
iqsyyy,Kotak tak secure langsung. Nasib baik terima dalam keadaan baik. Bubble wrap pun takde. Tapi sound airpod ni best. Tak sakit telinga walaupun kita kuatkan volume. Murah tapi berbaloi la pada saya.,2024-02-26 19:34:40
c*****k,"Quality:Terbaik
Performance:Terbaik

Barang dah sampai dalam keadaan baik..pos seminggu jugak la..tapi barang mmg padu..terbaik..üëçüëçüëç",2024-01-29 16:54:42
a*****3,"Quality:ok
Performance:ok

Ok
Berpatutan dengan harga
Bunyi kedua dua
Connection dengan Telefon pun mudah
Recommended dgn harga murah",2023-12-05 09:19:21
b*****l,"Quality:Excellent
Performance:Excellent

I have been using this TWS for a long time, solid bass, clear sound, almost like real Airpods.",2023-11-19 21:25:13
farhanahnadz,"Quality:Nice
Performance:Nice

Sound padu! Tak sure tahan brp lama. Dah la murah dpt harga rm7 je ü•∫üëçüèª service laju!",2023-12-27 10:54:55
o182q_w_op,"Quality:good
Performance:memuaskan

Brg dlm keadaan elok(x kotak)
Bunyi padan dengan harga",2024-01-26 11:23:19
k*****6,"Quality:good
Performance:good berdengung oooo telinga

Best.. okay la..seminggu je tunggu then dpt dah barang.. nanti nak repeat lg beli.. harga pun murah",2023-12-17 14:57:05
kamalhzq,"Quality:Ok
Performance:Ok

Earphone dh slmt smpai.. Packaging pn ok... Dh settle  pair dgn hp.. Bunyi ok lar ptt dgn rege.. Tq seller",2023-07-14 16:49:42
nuraeynana,"Performance:sound dia pn best je bunyi..
Quality:best pkai,cntik kecik molek jew..",2023-12-21 17:51:22
smallqueitscenery,"Performance:normal
Quality:normal

Fast delivery
Is a bit dirty when I take out from the box.
Can function fine.
No burble wrap for extra protection so the box is not so good which can't be given out as a gift.",2023-10-28 21:43:43
iqsyyy,Kotak tak secure langsung. Nasib baik terima dalam keadaan baik. Bubble wrap pun takde. Tapi sound airpod ni best. Tak sakit telinga walaupun kita kuatkan volume. Murah tapi berbaloi la pada saya.,2024-02-26 19:34:40
c*****k,"Quality:Terbaik
Performance:Terbaik

Barang dah sampai dalam keadaan baik..pos seminggu jugak la..tapi barang mmg padu..terbaik..üëçüëçüëç",2024-01-29 16:54:42
a*****3,"Quality:ok
Performance:ok

Ok
Berpatutan dengan harga
Bunyi kedua dua
Connection dengan Telefon pun mudah
Recommended dgn harga murah",2023-12-05 09:19:21
b*****l,"Quality:Excellent
Performance:Excellent

I have been using this TWS for a long time, solid bass, clear sound, almost like real Airpods.",2023-11-19 21:25:13
farhanahnadz,"Quality:Nice
Performance:Nice

Sound padu! Tak sure tahan brp lama. Dah la murah dpt harga rm7 je ü•∫üëçüèª service laju!",2023-12-27 10:54:55
o182q_w_op,"Quality:good
Performance:memuaskan

Brg dlm keadaan elok(x kotak)
Bunyi padan dengan harga",2024-01-26 11:23:19
k*****6,"Quality:good
Performance:good berdengung oooo telinga

Best.. okay la..seminggu je tunggu then dpt dah barang.. nanti nak repeat lg beli.. harga pun murah",2023-12-17 14:57:05
kamalhzq,"Quality:Ok
Performance:Ok

Earphone dh slmt smpai.. Packaging pn ok... Dh settle  pair dgn hp.. Bunyi ok lar ptt dgn rege.. Tq seller",2023-07-14 16:49:42
adeqawey,"Performance:10/10
Quality:great

terbaik barang sampai dengan jayanya boleh reapeat order lagi dengan saller ni terbaikkkk",2024-01-09 23:04:10
c*****h,"Performance:Very good
Quality:Qualified and very good quality

Second purchase very good condition and satisfying with the sound and the price is very cheap",2024-02-16 14:18:48
zulmuzzakri,"Quality:good
Performance:good

Cepat jugak sampai,, barang mantap voice n volume mantul, puas hati",2024-02-06 14:13:58
lilyyyyyyyyy99,"Quality:good
Performance:good

Its really murah, even dia murah. But sound dia sedap juga.",2024-03-02 21:27:31
11125._.nursyawani,"Performance:good
Quality:good

Item received in a good condition. The sound was good. Worth for the price.",2024-03-01 11:18:23
ve8ffo65qx,"Quality:bagus and the bass kuat

the sound of this earpod are so good and the quality also good",2024-01-09 13:44:29
a*****t,"Quality:feel good
Performance:Nice

It's not so bad.I Enjoyed when I used it for listening to 3D songs.  Thanks",2024-03-01 14:26:34
maxmillenandrian442,"Quality:Kualiti yg bagus Dan sama Dalam gambar iaitu jenama redmi
Performance:bunyi yang bagus,bass yg baik Dan selesa digunakan",2023-12-13 23:58:23
mantovabest,"Quality:Awesome
Performance:Good condition

Like a good one too many things in life and I will be there for u to be a great resource",2023-08-10 20:55:25
b*****d,"Performance:nice
Quality:good

Terboek..
Berfungsi sepenuh nyer..
Harga murah, barang padu..
Tq seller..
Recommended...",2024-02-26 16:20:07
adeqawey,"Performance:10/10
Quality:great

terbaik barang sampai dengan jayanya boleh reapeat order lagi dengan saller ni terbaikkkk",2024-01-09 23:04:10
c*****h,"Performance:Very good
Quality:Qualified and very good quality

Second purchase very good condition and satisfying with the sound and the price is very cheap",2024-02-16 14:18:48
zulmuzzakri,"Quality:good
Performance:good

Cepat jugak sampai,, barang mantap voice n volume mantul, puas hati",2024-02-06 14:13:58
lilyyyyyyyyy99,"Quality:good
Performance:good

Its really murah, even dia murah. But sound dia sedap juga.",2024-03-02 21:27:31
11125._.nursyawani,"Performance:good
Quality:good

Item received in a good condition. The sound was good. Worth for the price.",2024-03-01 11:18:23
ve8ffo65qx,"Quality:bagus and the bass kuat

the sound of this earpod are so good and the quality also good",2024-01-09 13:44:29
a*****t,"Quality:feel good
Performance:Nice

It's not so bad.I Enjoyed when I used it for listening to 3D songs.  Thanks",2024-03-01 14:26:34
maxmillenandrian442,"Quality:Kualiti yg bagus Dan sama Dalam gambar iaitu jenama redmi
Performance:bunyi yang bagus,bass yg baik Dan selesa digunakan",2023-12-13 23:58:23
mantovabest,"Quality:Awesome
Performance:Good condition

Like a good one too many things in life and I will be there for u to be a great resource",2023-08-10 20:55:25
b*****d,"Performance:nice
Quality:good

Terboek..
Berfungsi sepenuh nyer..
Harga murah, barang padu..
Tq seller..
Recommended...",2024-02-26 16:20:07
9x8s3vilxi,"Quality:mantap
Performance:a plus

Sound boekkk barang dpt keadaan selamat dn baikkkk mantopppppp",2024-02-26 09:15:56
a*****3,"Quality:good
Performance:ok

Returning customer. Seems to pair with phone easily. Fast shipping.",2024-02-05 15:19:29
zaii76,"Quality:cb gn,semua ok,sesuai dgn hrgalh
Performance:semua dlm keadaan baik blh brfungsi

Br firstime bl,kira oklh",2023-12-12 19:41:28
541d1n,"Quality:biasa sahaja
Performance:ok

Sampai dengan selamat dan tiada kerosakan...berfungsi dengan baik..order xiomi yang sampai redmi...ok la janji boleh guna dengan elok.",2023-04-04 13:39:37
noridris87,"Maaf lambat review
Brg d terima dlm keadaan baik
Pembungkusan kemas",2024-02-17 07:56:33
jananie_15,"Performance:Good working
Quality:Best quality

Charge type c ....fast delivery üëç",2023-12-18 15:14:49
s*****r,"Quality:good
Performance:good

Tq seller... Functioning and good condition... Quality of sound really good.. üòÉ",2023-07-12 14:58:47
husnashafie98,Woww.. Mantap la bunyi dia.. Bass die sdap oo.. Harga murah kualiti terbaik,2023-12-12 21:17:54
kamalrulzamanibrahim,Barang sampai dengan baik.. barang boleh guna.. terima kasih pada penjual..jual barang yang ok..üëçüëçüëçüëç,2023-08-23 09:38:07
creampuff_,"Performance:okay la
Quality:good

Good product, volume are good quality I love it‚ù§Ô∏è‚ù§Ô∏è‚ù§Ô∏è",2023-12-14 20:46:26
9x8s3vilxi,"Quality:mantap
Performance:a plus

Sound boekkk barang dpt keadaan selamat dn baikkkk mantopppppp",2024-02-26 09:15:56
a*****3,"Quality:good
Performance:ok

Returning customer. Seems to pair with phone easily. Fast shipping.",2024-02-05 15:19:29
zaii76,"Quality:cb gn,semua ok,sesuai dgn hrgalh
Performance:semua dlm keadaan baik blh brfungsi

Br firstime bl,kira oklh",2023-12-12 19:41:28
541d1n,"Quality:biasa sahaja
Performance:ok

Sampai dengan selamat dan tiada kerosakan...berfungsi dengan baik..order xiomi yang sampai redmi...ok la janji boleh guna dengan elok.",2023-04-04 13:39:37
noridris87,"Maaf lambat review
Brg d terima dlm keadaan baik
Pembungkusan kemas",2024-02-17 07:56:33
jananie_15,"Performance:Good working
Quality:Best quality

Charge type c ....fast delivery üëç",2023-12-18 15:14:49
s*****r,"Quality:good
Performance:good

Tq seller... Functioning and good condition... Quality of sound really good.. üòÉ",2023-07-12 14:58:47
husnashafie98,Woww.. Mantap la bunyi dia.. Bass die sdap oo.. Harga murah kualiti terbaik,2023-12-12 21:17:54
kamalrulzamanibrahim,Barang sampai dengan baik.. barang boleh guna.. terima kasih pada penjual..jual barang yang ok..üëçüëçüëçüëç,2023-08-23 09:38:07
creampuff_,"Performance:okay la
Quality:good

Good product, volume are good quality I love it‚ù§Ô∏è‚ù§Ô∏è‚ù§Ô∏è",2023-12-14 20:46:26
cindydy_0736,"The mic is not functioning well, when I call, the sound heard by my friend is not clear and low volume. All the function that use to pause the song or answer the call can't be done by taping the earphones. It is very easy to disconnect when I take down one of it from my ear.
I thought it should be with ""hard earbuds"" as shown as picture, but it is soft one which I not really like to wear with.",2024-01-23 16:23:13
y*****7,"Performance:okay la
Quality:better

so far okay semua okay cuma trkejut brg dh smpai tgok tkde rupanya dlm mailbox sbb brg kecik and tkde kotak HAHAHA but so far okay even volume low pun quality okay sesiapa nk beli boleh beli sini , bfr this prnah beli yg lain pro punya hrga mahal tpi sound semua tk okay ü•≤ but this better sbb murah and quality pun okay üëçüèº thank you seller",2024-01-07 19:37:42
limy_mesmo,"Performance:baik
Quality:bagus

sudah sampai walau amik masa yang agak lama terima kasih berbaloi dengan harga",2024-01-13 19:07:50
b*****c,"Quality:good
Performance:okay

Barang sampai dalam keadaan baikk and tiada sebarang rosak",2024-01-20 23:03:46
dealovaboutique,"Performance:good
Quality:good

Walaupun dr overseas tapi cepat je brg sampai.. tq seller items terbaik walaupun harga murah.. next time akan repeat order lagi..",2023-04-22 19:04:43
jemuna,"Performance:Ok
Quality:Ok

Very fast delivery thank you very much.. Nothing is damaged.. Everything is fine.. Thank you.. Received in good condition",2023-07-13 12:26:23
f*****0,"Performance:sound clear
Quality:sound bass is clear..

Quality is good, and fast delivery.",2023-08-17 15:12:29
anisnajihahchehasan,"Quality:good
Performance:perfectoooo ‚ù§Ô∏è‚Äçüî•

bass dia punya baik gila tak padan dgn harga ko rase cuma tula sampai mai tkdak bubble rap apa ahaha üòÇ",2024-02-24 15:01:40
kingsamronny,Brang sdh sampai dgn keadaan yg bagus...berfungsi dgn baik lancar terbaik seller.....tq sellerüëçüëçüëç,2023-12-21 19:32:33
ibnuumar611,"Quality:sederhana

Barang dah sampai..qualiti ok,sound die boleh la wat dgr2 je...klu nk sound sedap rega ratus2 baru dpt sound sedap...",2023-05-07 12:40:38
cindydy_0736,"The mic is not functioning well, when I call, the sound heard by my friend is not clear and low volume. All the function that use to pause the song or answer the call can't be done by taping the earphones. It is very easy to disconnect when I take down one of it from my ear.
I thought it should be with ""hard earbuds"" as shown as picture, but it is soft one which I not really like to wear with.",2024-01-23 16:23:13
y*****7,"Performance:okay la
Quality:better

so far okay semua okay cuma trkejut brg dh smpai tgok tkde rupanya dlm mailbox sbb brg kecik and tkde kotak HAHAHA but so far okay even volume low pun quality okay sesiapa nk beli boleh beli sini , bfr this prnah beli yg lain pro punya hrga mahal tpi sound semua tk okay ü•≤ but this better sbb murah and quality pun okay üëçüèº thank you seller",2024-01-07 19:37:42
limy_mesmo,"Performance:baik
Quality:bagus

sudah sampai walau amik masa yang agak lama terima kasih berbaloi dengan harga",2024-01-13 19:07:50
b*****c,"Quality:good
Performance:okay

Barang sampai dalam keadaan baikk and tiada sebarang rosak",2024-01-20 23:03:46
dealovaboutique,"Performance:good
Quality:good

Walaupun dr overseas tapi cepat je brg sampai.. tq seller items terbaik walaupun harga murah.. next time akan repeat order lagi..",2023-04-22 19:04:43
jemuna,"Performance:Ok
Quality:Ok

Very fast delivery thank you very much.. Nothing is damaged.. Everything is fine.. Thank you.. Received in good condition",2023-07-13 12:26:23
f*****0,"Performance:sound clear
Quality:sound bass is clear..

Quality is good, and fast delivery.",2023-08-17 15:12:29
anisnajihahchehasan,"Quality:good
Performance:perfectoooo ‚ù§Ô∏è‚Äçüî•

bass dia punya baik gila tak padan dgn harga ko rase cuma tula sampai mai tkdak bubble rap apa ahaha üòÇ",2024-02-24 15:01:40
kingsamronny,Brang sdh sampai dgn keadaan yg bagus...berfungsi dgn baik lancar terbaik seller.....tq sellerüëçüëçüëç,2023-12-21 19:32:33
ibnuumar611,"Quality:sederhana

Barang dah sampai..qualiti ok,sound die boleh la wat dgr2 je...klu nk sound sedap rega ratus2 baru dpt sound sedap...",2023-05-07 12:40:38
f8wr59sbvs,Performance:terbaik lh  bunyi dia pun kuat ini yang saya suka  insallah saya akan Oder lagi  dan semua nya pun lengkap,2023-12-11 21:36:10
xeno.asia.in,"Performance:Good
Quality:Premium and stylish design with small earbuds in it

Good product and fast delivery. Well wrapped. Worth it.",2023-12-19 21:03:11
o*****b,Fast delivery. The item received in good condition. The earphone works properly. The sounds is good.,2023-06-20 09:35:57
healthylivingmarketing,"Performance:good
Quality:good

For this price I think is worth it.
Working fine so far.
Thank you.",2024-01-13 20:29:16
a*****3,"Performance:ok
Quality:ok

Can pair easily and connectivity distance is good. Ok delivery.",2024-01-28 16:15:15
57leqogzew,"Performance:earbuds Pro6 REDMI
Quality:Trusted seller

Parcel is in good conditionüëçüèª",2023-07-26 15:36:24
windyteh0126,"Quality:good
Performance:ok

this this is what i want...little earphones short people...awesome...my super favorite sound is also good...lol...have a chance to visit again",2023-05-13 23:59:16
7*****f,Performance terbaik barang telah diterima dan dalam keadaan baik dan boleh digunakan untuk memudah kan kerja keras,2024-01-06 16:29:40
y*****_,"Performance:biasa
Quality:okey

Order : 11/1/2024 üí∏
Delivered : 16/1/2024 ‚úÖ

Function sebelah saja
 24/1/2024 baru ada masa check item",2024-01-24 23:27:52
y*****0,"Performance:Sound is Good
Quality:Good

Received items with minor scratches & dirt, maybe buyer inspect the items before ship out.

Overall, worth for money. 

Thanks Seller ‚≠ê‚≠ê‚≠ê‚≠ê‚≠ê",2023-12-04 12:02:39
f8wr59sbvs,Performance:terbaik lh  bunyi dia pun kuat ini yang saya suka  insallah saya akan Oder lagi  dan semua nya pun lengkap,2023-12-11 21:36:10
xeno.asia.in,"Performance:Good
Quality:Premium and stylish design with small earbuds in it

Good product and fast delivery. Well wrapped. Worth it.",2023-12-19 21:03:11
o*****b,Fast delivery. The item received in good condition. The earphone works properly. The sounds is good.,2023-06-20 09:35:57
healthylivingmarketing,"Performance:good
Quality:good

For this price I think is worth it.
Working fine so far.
Thank you.",2024-01-13 20:29:16
a*****3,"Performance:ok
Quality:ok

Can pair easily and connectivity distance is good. Ok delivery.",2024-01-28 16:15:15
57leqogzew,"Performance:earbuds Pro6 REDMI
Quality:Trusted seller

Parcel is in good conditionüëçüèª",2023-07-26 15:36:24
windyteh0126,"Quality:good
Performance:ok

this this is what i want...little earphones short people...awesome...my super favorite sound is also good...lol...have a chance to visit again",2023-05-13 23:59:16
7*****f,Performance terbaik barang telah diterima dan dalam keadaan baik dan boleh digunakan untuk memudah kan kerja keras,2024-01-06 16:29:40
y*****_,"Performance:biasa
Quality:okey

Order : 11/1/2024 üí∏
Delivered : 16/1/2024 ‚úÖ

Function sebelah saja
 24/1/2024 baru ada masa check item",2024-01-24 23:27:52
y*****0,"Performance:Sound is Good
Quality:Good

Received items with minor scratches & dirt, maybe buyer inspect the items before ship out.

Overall, worth for money. 

Thanks Seller ‚≠ê‚≠ê‚≠ê‚≠ê‚≠ê",2023-12-04 12:02:39
fateenzacharya,"Quality:Good
Performance:Good

barang standard dengan harga.bolehlah untuk dengar lgu & tengok movie.",2023-12-26 20:06:30
aziz030481,"Performance:ok
Quality:agak boleh tahan sikit

Tq sudah sampai..semua cun takda msalah.tq",2024-01-07 12:26:49
n*****n,"Quality:berbaloi dengan harga
Performance:sudah cuba utk tgk movie. sound kuat. utk call belum cuba lagi.",2024-03-02 09:53:27
4*****h,"Quality:still ok
Performance:all normal

Delivery quite fast, just 5 daysüëç",2024-01-28 22:49:30
shukmanan7,Thank you fast shipping item in good condition working well recommended,2023-08-26 13:09:26
n*****8,"Quality:Nice
Performance:Good

Sound okay, noise cancelling 4/5 for half full volume, good for workout not easily fall",2024-01-22 18:48:53
f*****i,"Quality:greatt
Performance:great

Everything is just fine. good product! recommended. easy to use. good performance and quality. cheap price. All good!",2023-12-18 20:59:25
i*****8,"Performance:hmm gagal
Quality:boleh la

Tak sama mcm di iklankan, lepastu bunyi pon kelaut, ingtkan sama mcm dlm gambar",2024-01-20 13:12:21
f*****r,"Performance:nice
Quality:good

RM0 Kementerian Ekonomi: Daftar & kemas kini maklumat di sistem Pangkalan Data Utama (PADU) sebelum 31 Mac 2024. Pastikan maklumat lengkap & tepat.",2024-02-25 18:13:35
i*****a,"Performance:clear sound
Quality:good

RM0 Anda masih boleh menikmati tawaran Credit Advance RM5.00 sehingga 20/10/2023 11.00AM. Balas YES untuk terima dan RM3.75 akan dikreditkan ke akaun anda. Caj servis RM1.25 akan dikenakan. Untuk berhenti menerima tawaran, sila balas OFF",2023-10-20 13:40:27
